Tony Makarony,74
Basti,        69
Michi,        67
momo,         67
Holger Niban Alemao,66
Enrico ,      63
Lette ,       62
Kim,          57
Johannes,     56
Marco ,       55
Gitti ,       55
Lisa,         53
Frieda,       52
Lukas,        48
Romana,       47
Kim vD,       47
Raimo,        47
Aljoscha ,    46
Brecht,       45
emilio,       42
Daniil Marchenko, 41
Jonas,        40
Nelson ,      40
André ,       39
Jonas Lederer, 36
Kevin Berlin, 35
Bobo,         35
MG,           33
Christian Schwister, 28
critters,     27
Jules,        25
Marius Petermann, 23
Lishka ,      21
Apokalypse ,  16
Gabriela ,    10
